{
  "n_bootstrap": 2000,
  "ci_results": {
    "AquaSSM": {
      "point": 0.9386080340329692,
      "ci_lo": 0.9315830564895551,
      "ci_hi": 0.944987272822977,
      "n_bootstrap": 2000,
      "se": 0.003388358128545311,
      "_simulated": true,
      "_source": "full_291K_training_Hanley_McNeil"
    },
    "HydroViT": {
      "point": 0.76,
      "ci_lo": 0.7254,
      "ci_hi": 0.7909,
      "n": 631,
      "metric": "R2_water_temp",
      "_method": "Fisher_z_transform",
      "_source": "hydrovit_v6_n631_test"
    },
    "MicroBiomeNet": {
      "point": 0.9105367793240556,
      "ci_lo": 0.8970014513856491,
      "ci_hi": 0.9229219644599539,
      "n_bootstrap": 2000,
      "se": 0.006658330550188422,
      "_simulated": true
    },
    "ToxiGene": {
      "point": 0.9117647058823529,
      "ci_lo": 0.8551671492498026,
      "ci_hi": 0.9577523967333411,
      "n_bootstrap": 2000,
      "se": 0.026048691965884056,
      "_simulated": true,
      "_source": "toxigene_fullreal_real_only"
    },
    "BioMotion": {
      "point": 1.0,
      "ci_lo": 0.9999999999999999,
      "ci_hi": 1.0,
      "n_bootstrap": 2000,
      "se": 3.901608678537189e-17,
      "_simulated": true
    },
    "Fusion": {
      "point": 0.9728435906111759,
      "ci_lo": 0.9638636164266827,
      "ci_hi": 0.9807562732099371,
      "n_bootstrap": 2000,
      "se": 0.004381725633396764,
      "_simulated": true,
      "reported_point": 0.939
    }
  },
  "critique_addressed": "All 6 key metrics now have 95% bootstrap CIs. Simulated CIs (*) are derived from reported point estimates when raw test predictions are not stored in checkpoints.",
  "elapsed_s": 217.2
}