{
  "Z-score": {
    "auroc": 0.42153571428571424,
    "scores_mean": 0.33127552451736675
  },
  "Isolation Forest": {
    "auroc": 1.0,
    "scores_mean": 0.5052106178492527
  },
  "ARIMA": {
    "auroc": 0.9992845238095238,
    "scores_mean": 0.09595370864799302
  },
  "AquaSSM-only": {
    "auroc": 0.5,
    "scores_mean": 1.0
  },
  "SENTINEL": {
    "auroc": 0.0,
    "scores_mean": 0.12779199898988008
  },
  "_meta": {
    "n_total": 2000,
    "n_normal": 1400,
    "n_anomalous": 600,
    "elapsed_seconds": 841.3248689174652,
    "embeddings_path": "/home/bcheng/SENTINEL/data/real_embeddings/sensor_embeddings.pt"
  }
}