modality,mean_auc_gain,std_auc_gain,mean_lead_time_gain,num_comparisons
sensor,0.20118751489808914,0.09027486042909744,61.69827070504657,15
behavioral,0.10081778959420867,0.09031338986094406,13.658764302575765,15
satellite,0.04079253913096888,0.08156913239689313,-195.62248563814077,15
microbial,0.017033150164459682,0.0343616709103206,359.36142730334075,15
molecular,0.0,0.0,0.0,15
