{
  "n_sites_analyzed": 32,
  "n_sites_with_per_window_auroc": 24,
  "per_window_auroc_mean": 0.5093888228572826,
  "cross_site_spearman_mean_score": {
    "rho": 0.01027146277913566,
    "p_value": 0.9555060721816133
  },
  "cross_site_spearman_max_score": {
    "rho": 0.19369044097798674,
    "p_value": 0.28815136550864356
  },
  "cross_site_spearman_p95_score": {
    "rho": 0.09317684092501635,
    "p_value": 0.6119984013895765
  },
  "score_range": {
    "min": 0.04724770309606,
    "max": 0.13441807371764733
  },
  "label_rate_range": {
    "min": 0.0,
    "max": 1.0
  },
  "ecoregion_stats": {
    "Great Plains": {
      "sites": [
        "ARIK",
        "MCDI",
        "PRIN",
        "PRLA",
        "PRPO"
      ],
      "n_sites": 5,
      "n_with_per_window_auroc": 4,
      "mean_per_window_auroc": 0.4984816919191919,
      "ranking_auroc_p95_vs_impaired": null,
      "mean_p95_score": 0.3347134569287299,
      "mean_label_rate": 0.4343420063228464
    },
    "Southeast Plains": {
      "sites": [
        "BARC",
        "BLWA",
        "GUIL",
        "KING",
        "LECO",
        "MART",
        "MAYF",
        "SUGG",
        "TOMB",
        "WALK"
      ],
      "n_sites": 10,
      "n_with_per_window_auroc": 6,
      "mean_per_window_auroc": 0.5856331634195412,
      "ranking_auroc_p95_vs_impaired": 1.0,
      "mean_p95_score": 0.3436298505961894,
      "mean_label_rate": 0.39151327411219045
    },
    "Mediterranean California": {
      "sites": [
        "BIGC",
        "MCRA"
      ],
      "n_sites": 2,
      "n_with_per_window_auroc": 2,
      "mean_per_window_auroc": 0.5960092539039907,
      "ranking_auroc_p95_vs_impaired": null,
      "mean_p95_score": 0.32919255569577216,
      "mean_label_rate": 0.201335857043114
    },
    "Western Cordillera": {
      "sites": [
        "BLDE",
        "COMO",
        "REDB"
      ],
      "n_sites": 3,
      "n_with_per_window_auroc": 3,
      "mean_per_window_auroc": 0.4416569200779727,
      "ranking_auroc_p95_vs_impaired": null,
      "mean_p95_score": 0.2969484160343805,
      "mean_label_rate": 0.14740097035454228
    },
    "Central Appalachians": {
      "sites": [
        "BLUE"
      ],
      "n_sites": 1,
      "n_with_per_window_auroc": 1,
      "mean_per_window_auroc": 0.5882352941176471,
      "ranking_auroc_p95_vs_impaired": null,
      "mean_p95_score": 0.29776788204908267,
      "mean_label_rate": 0.17525773195876287
    },
    "Arctic Cordillera": {
      "sites": [
        "CARI"
      ],
      "n_sites": 1,
      "n_with_per_window_auroc": 1,
      "mean_per_window_auroc": 0.42105263157894735,
      "ranking_auroc_p95_vs_impaired": null,
      "mean_p95_score": 0.32044682353734955,
      "mean_label_rate": 0.1683991683991684
    },
    "Northern Appalachians": {
      "sites": [
        "CRAM",
        "HOPB",
        "LEWI",
        "LIRO",
        "POSE"
      ],
      "n_sites": 5,
      "n_with_per_window_auroc": 5,
      "mean_per_window_auroc": 0.458331550802139,
      "ranking_auroc_p95_vs_impaired": null,
      "mean_p95_score": 0.26810699820518485,
      "mean_label_rate": 0.40725750605248656
    },
    "Caribbean Islands": {
      "sites": [
        "CUPE"
      ],
      "n_sites": 1,
      "n_with_per_window_auroc": 1,
      "mean_per_window_auroc": 0.53125,
      "ranking_auroc_p95_vs_impaired": null,
      "mean_p95_score": 0.3386339366436004,
      "mean_label_rate": 0.22846441947565543
    },
    "Ozark Highlands": {
      "sites": [
        "FLNT"
      ],
      "n_sites": 1,
      "n_with_per_window_auroc": 0,
      "mean_per_window_auroc": null,
      "ranking_auroc_p95_vs_impaired": null,
      "mean_p95_score": 0.42085925340652464,
      "mean_label_rate": 0.0019138755980861245
    },
    "Tundra": {
      "sites": [
        "OKSR",
        "TOOK"
      ],
      "n_sites": 2,
      "n_with_per_window_auroc": 1,
      "mean_per_window_auroc": 0.368421052631579,
      "ranking_auroc_p95_vs_impaired": 1.0,
      "mean_p95_score": 0.28308228105306577,
      "mean_label_rate": 0.07175226586102719
    },
    "Mojave Basin": {
      "sites": [
        "SYCA"
      ],
      "n_sites": 1,
      "n_with_per_window_auroc": 0,
      "mean_per_window_auroc": null,
      "ranking_auroc_p95_vs_impaired": null,
      "mean_p95_score": 0.09918247349560261,
      "mean_label_rate": 0.0
    }
  },
  "per_site_results": {
    "ARIK": {
      "mean_score": 0.0914753750994137,
      "max_score": 0.5713415741920471,
      "p95_score": 0.27615787982940665,
      "label_anomaly_rate": 0.27230046948356806,
      "impairment_label_score_gt_0_3": 0,
      "per_window_auroc": 0.57,
      "ecoregion": "Great Plains"
    },
    "BARC": {
      "mean_score": 0.11699914919602801,
      "max_score": 0.7403640151023865,
      "p95_score": 0.38654645383358,
      "label_anomaly_rate": 1.0,
      "impairment_label_score_gt_0_3": 0,
      "per_window_auroc": null,
      "ecoregion": "Southeast Plains"
    },
    "BIGC": {
      "mean_score": 0.11333505838923341,
      "max_score": 0.6819639205932617,
      "p95_score": 0.3291689157485962,
      "label_anomaly_rate": 0.26112759643916916,
      "impairment_label_score_gt_0_3": 0,
      "per_window_auroc": 0.5604395604395604,
      "ecoregion": "Mediterranean California"
    },
    "BLDE": {
      "mean_score": 0.0975255415997217,
      "max_score": 0.6251696944236755,
      "p95_score": 0.2941416889429093,
      "label_anomaly_rate": 0.08831646734130635,
      "impairment_label_score_gt_0_3": 0,
      "per_window_auroc": 0.21052631578947367,
      "ecoregion": "Western Cordillera"
    },
    "BLUE": {
      "mean_score": 0.08835721783111147,
      "max_score": 0.5565051436424255,
      "p95_score": 0.29776788204908267,
      "label_anomaly_rate": 0.17525773195876287,
      "impairment_label_score_gt_0_3": 0,
      "per_window_auroc": 0.5882352941176471,
      "ecoregion": "Central Appalachians"
    },
    "BLWA": {
      "mean_score": 0.1214491090961005,
      "max_score": 0.7289952039718628,
      "p95_score": 0.38117877095937724,
      "label_anomaly_rate": 0.026717557251908396,
      "impairment_label_score_gt_0_3": 0,
      "per_window_auroc": 0.736842105263158,
      "ecoregion": "Southeast Plains"
    },
    "CARI": {
      "mean_score": 0.09665536310324317,
      "max_score": 0.7439596652984619,
      "p95_score": 0.32044682353734955,
      "label_anomaly_rate": 0.1683991683991684,
      "impairment_label_score_gt_0_3": 0,
      "per_window_auroc": 0.42105263157894735,
      "ecoregion": "Arctic Cordillera"
    },
    "COMO": {
      "mean_score": 0.10706079133018383,
      "max_score": 0.6758874654769897,
      "p95_score": 0.3317157328128814,
      "label_anomaly_rate": 0.07852412488174078,
      "impairment_label_score_gt_0_3": 0,
      "per_window_auroc": 0.5277777777777778,
      "ecoregion": "Western Cordillera"
    },
    "CRAM": {
      "mean_score": 0.048420628694127776,
      "max_score": 0.5040422677993774,
      "p95_score": 0.14039677977561948,
      "label_anomaly_rate": 0.9430379746835443,
      "impairment_label_score_gt_0_3": 0,
      "per_window_auroc": 0.30303030303030304,
      "ecoregion": "Northern Appalachians"
    },
    "CUPE": {
      "mean_score": 0.11338300667881916,
      "max_score": 0.5481011271476746,
      "p95_score": 0.3386339366436004,
      "label_anomaly_rate": 0.22846441947565543,
      "impairment_label_score_gt_0_3": 0,
      "per_window_auroc": 0.53125,
      "ecoregion": "Caribbean Islands"
    },
    "FLNT": {
      "mean_score": 0.13441807371764733,
      "max_score": 0.6880663633346558,
      "p95_score": 0.42085925340652464,
      "label_anomaly_rate": 0.0019138755980861245,
      "impairment_label_score_gt_0_3": 0,
      "per_window_auroc": null,
      "ecoregion": "Ozark Highlands"
    },
    "GUIL": {
      "mean_score": 0.11087655325897963,
      "max_score": 0.6419154405593872,
      "p95_score": 0.32142165899276726,
      "label_anomaly_rate": 0.24639076034648702,