{
  "modalities": [
    "satellite",
    "sensor",
    "microbial",
    "behavioral"
  ],
  "cka_matrix": [
    [
      1.0,
      0.00650840309864948,
      0.015784323362729745,
      0.011326362585880958
    ],
    [
      0.00650840309864948,
      1.0,
      0.006499311619194888,
      0.0015760908235792318
    ],
    [
      0.015784323362729745,
      0.006499311619194888,
      1.0,
      0.005256837549991956
    ],
    [
      0.011326362585880958,
      0.0015760908235792318,
      0.005256837549991956,
      1.0
    ]
  ],
  "mnn_matrix": [
    [
      1.0,
      0.014,
      0.066,
      0.002
    ],
    [
      0.014,
      1.0,
      0.014,
      0.002
    ],
    [
      0.066,
      0.014,
      1.0,
      0.006
    ],
    [
      0.002,
      0.002,
      0.006,
      1.0
    ]
  ],
  "within_cosine_similarity": {
    "satellite": {
      "mean": 0.37621229887008667,
      "std": 0.18971820175647736
    },
    "sensor": {
      "mean": 0.9199076294898987,
      "std": 0.11010365933179855
    },
    "microbial": {
      "mean": 0.1948845535516739,
      "std": 0.25479140877723694
    },
    "behavioral": {
      "mean": 0.9924620985984802,
      "std": 0.013606192544102669
    }
  },
  "between_cosine_similarity": {
    "satellite_vs_sensor": {
      "mean": -0.09926778823137283,
      "std": 0.06559691578149796
    },
    "satellite_vs_microbial": {
      "mean": -0.0015878998674452305,
      "std": 0.0660548210144043
    },
    "satellite_vs_behavioral": {
      "mean": 0.03763824328780174,
      "std": 0.04860959202051163
    },
    "sensor_vs_microbial": {
      "mean": 0.00047601593541912735,
      "std": 0.055912379175424576
    },
    "sensor_vs_behavioral": {
      "mean": -0.009662964381277561,
      "std": 0.010102902539074421
    },
    "microbial_vs_behavioral": {
      "mean": 0.039981212466955185,
      "std": 0.04833633452653885
    }
  },
  "norm_stats": {
    "satellite": {
      "mean": 1.0,
      "std": 2.4235486506540838e-08,
      "min": 0.9999999403953552,
      "max": 1.0000001192092896,
      "n_embeddings": 2861,
      "embedding_dim": 256
    },
    "sensor": {
      "mean": 1.0,
      "std": 2.4284778632477355e-08,
      "min": 0.9999998807907104,
      "max": 1.0000001192092896,
      "n_embeddings": 2000,
      "embedding_dim": 256
    },
    "microbial": {
      "mean": 1.0,
      "std": 2.5259994984594414e-08,
      "min": 0.9999998807907104,
      "max": 1.0000001192092896,
      "n_embeddings": 5000,
      "embedding_dim": 256
    },
    "behavioral": {
      "mean": 1.0,
      "std": 2.5381595492035558e-08,
      "min": 0.9999998807907104,
      "max": 1.0000001192092896,
      "n_embeddings": 3000,
      "embedding_dim": 256
    }
  },
  "elapsed_s": 25.8
}