{
  "source": "real_embeddings",
  "alpha_levels": [
    0.05,
    0.1
  ],
  "per_alpha": {
    "0.05": {
      "modalities": {
        "satellite": {
          "n_calibration": 2941,
          "n_test": 1261,
          "threshold": 0.378424733877182,
          "empirical_coverage": 0.9627279936558287,
          "target_coverage": 0.95,
          "coverage_met": true,
          "mean_pvalue": 0.5045623779296875,
          "median_pvalue": 0.49592113494873047
        },
        "sensor": {
          "n_calibration": 1400,
          "n_test": 600,
          "threshold": 17.170955657958984,
          "empirical_coverage": 0.9366666666666666,
          "target_coverage": 0.95,
          "coverage_met": false,
          "mean_pvalue": 0.47818583250045776,
          "median_pvalue": 0.4853675961494446
        },
        "microbial": {
          "n_calibration": 3500,
          "n_test": 1500,
          "threshold": 59.348087310791016,
          "empirical_coverage": 0.9173333333333333,
          "target_coverage": 0.95,
          "coverage_met": false,
          "mean_pvalue": 0.4660082161426544,
          "median_pvalue": 0.46615251898765564
        },
        "behavioral": {
          "n_calibration": 1400,
          "n_test": 600,
          "threshold": 9.620875358581543,
          "empirical_coverage": 0.9133333333333333,
          "target_coverage": 0.95,
          "coverage_met": false,
          "mean_pvalue": 0.4213918447494507,
          "median_pvalue": 0.3818700909614563
        }
      },
      "overall_coverage": 0.9341075485988387,
      "coverage_guarantee_met": false
    },
    "0.1": {
      "modalities": {
        "satellite": {
          "n_calibration": 2941,
          "n_test": 1261,
          "threshold": 0.28904789686203003,
          "empirical_coverage": 0.9199048374306106,
          "target_coverage": 0.9,
          "coverage_met": true,
          "mean_pvalue": 0.5045623779296875,
          "median_pvalue": 0.49592113494873047
        },
        "sensor": {
          "n_calibration": 1400,
          "n_test": 600,
          "threshold": 11.914560317993164,
          "empirical_coverage": 0.8633333333333333,
          "target_coverage": 0.9,
          "coverage_met": false,
          "mean_pvalue": 0.47818583250045776,
          "median_pvalue": 0.4853675961494446
        },
        "microbial": {
          "n_calibration": 3500,
          "n_test": 1500,
          "threshold": 58.7530517578125,
          "empirical_coverage": 0.8533333333333334,
          "target_coverage": 0.9,
          "coverage_met": false,
          "mean_pvalue": 0.4660082161426544,
          "median_pvalue": 0.46615251898765564
        },
        "behavioral": {
          "n_calibration": 1400,
          "n_test": 600,
          "threshold": 9.338617324829102,
          "empirical_coverage": 0.8483333333333334,
          "target_coverage": 0.9,
          "coverage_met": false,
          "mean_pvalue": 0.4213918447494507,
          "median_pvalue": 0.3818700909614563
        }
      },
      "overall_coverage": 0.875284019187074,
      "coverage_guarantee_met": false
    }
  },
  "ensemble": {
    "modalities": [
      "behavioral",
      "microbial",
      "satellite",
      "sensor"
    ],
    "correction": "bonferroni",
    "alpha": 0.05
  }
}