{
  "modalities": [
    "sensor",
    "satellite",
    "microbial",
    "behavioral"
  ],
  "n_alignment_pairs": 6,
  "baseline_cka": {
    "sensor_satellite": 0.007956325076520443,
    "sensor_microbial": 0.007325627841055393,
    "sensor_behavioral": 0.0019006433431059122,
    "satellite_microbial": 0.01662151888012886,
    "satellite_behavioral": 0.05811188742518425,
    "microbial_behavioral": 0.0039064702577888966
  },
  "post_alignment_cka": {
    "sensor_satellite": 0.39016085863113403,
    "sensor_microbial": 0.1999812126159668,
    "sensor_behavioral": 0.011016732081770897,
    "satellite_microbial": 0.6389110684394836,
    "satellite_behavioral": 0.46525612473487854,
    "microbial_behavioral": 0.36374229192733765
  },
  "improvements": {
    "sensor_behavioral": {
      "before": 0.0019006433431059122,
      "after": 0.011016732081770897,
      "improvement": 0.009116088738664985,
      "relative_gain_pct": 479.6292165391992
    },
    "sensor_satellite": {
      "before": 0.007956325076520443,
      "after": 0.39016085863113403,
      "improvement": 0.3822045335546136,
      "relative_gain_pct": 4803.776234645006
    },
    "satellite_microbial": {
      "before": 0.01662151888012886,
      "after": 0.6389110684394836,
      "improvement": 0.6222895495593548,
      "relative_gain_pct": 3743.8767158375285
    },
    "sensor_microbial": {
      "before": 0.007325627841055393,
      "after": 0.1999812126159668,
      "improvement": 0.1926555847749114,
      "relative_gain_pct": 2629.881369444764
    },
    "microbial_behavioral": {
      "before": 0.0039064702577888966,
      "after": 0.36374229192733765,
      "improvement": 0.35983582166954875,
      "relative_gain_pct": 9211.254068213802
    },
    "satellite_behavioral": {
      "before": 0.05811188742518425,
      "after": 0.46525612473487854,
      "improvement": 0.4071442373096943,
      "relative_gain_pct": 700.6211384404876
    }
  },
  "training_histories": {
    "sensor_satellite": [
      5.602704107761383,
      5.5192559361457825,
      5.5129499435424805,
      5.508959412574768,
      5.502921104431152,
      5.494977653026581,
      5.480923891067505,
      5.458241045475006,
      5.416066944599152,
      5.368876278400421,
      5.304925084114075,
      5.211436688899994,
      5.107767641544342,
      4.98182213306427,
      4.806066274642944,
      4.645323753356934,
      4.486430644989014,
      4.2915889620780945,
      4.119122087955475,
      3.9316287636756897,
      3.7294117510318756,
      3.5539415180683136,
      3.36784428358078,
      3.2289751172065735,
      3.020122230052948,
      2.9123426377773285,
      2.7496683299541473,
      2.600448042154312,
      2.4687215089797974,
      2.3238425254821777,
      2.2503397166728973,
      2.124503344297409,
      2.068169742822647,
      1.955488920211792,
      1.8805926442146301,
      1.8366305828094482,
      1.7594460844993591,
      1.6544387340545654,
      1.5923436880111694,
      1.5385477244853973,
      1.4859911501407623,
      1.4336844980716705,
      1.4142919778823853,
      1.3769558668136597,
      1.3337191343307495,
      1.2801151722669601,
      1.2315927743911743,
      1.1878303587436676,
      1.1555351465940475,
      1.1261501163244247
    ],
    "sensor_microbial": [
      5.641914665699005,
      5.5214723944664,
      5.509369969367981,
      5.501460313796997,
      5.495292246341705,
      5.486070334911346,
      5.474570214748383,
      5.457214057445526,
      5.4347087144851685,
      5.3982431292533875,
      5.371971607208252,
      5.317477762699127,
      5.289766430854797,
      5.199758470058441,
      5.1242523193359375,
      5.046063780784607,
      4.970008015632629,
      4.853009819984436,
      4.733348548412323,
      4.645944774150848,
      4.507157683372498,
      4.383781373500824,
      4.279518127441406,
      4.160536170005798,
      4.026743859052658,
      3.925509661436081,
      3.8146468698978424,
      3.703049212694168,
      3.575953185558319,
      3.489683598279953,
      3.3969075083732605,
      3.307393968105316,
      3.2326796650886536,
      3.146092265844345,
      3.009817123413086,
      2.8985549211502075,
      2.8364893794059753,
      2.72483891248703,
      2.688945919275284,
      2.598767429590225,
      2.5226490795612335,
      2.4354704320430756,
      2.3586048781871796,
      2.3084135949611664,
      2.2721466720104218,
      2.2313594818115234,
      2.1683835983276367,
      2.10885950922966,
      2.026612013578415,
      2.003680109977722
    ],
    "sensor_behavioral": [
      5.585687756538391,
      5.522264063358307,
      5.520591199398041,
      5.519726514816284,
      5.519575476646423,
      5.519373834133148,
      5.519267737865448,
      5.51920759677887,
      5.5191633105278015,
      5.519148111343384,
      5.519137382507324,
      5.519118785858154,
      5.519100189208984,
      5.519090950489044,
      5.519060015678406,
      5.519041121006012,
      5.518990933895111,
      5.518980383872986,
      5.518912255764008,
      5.518831789493561,
      5.518726229667664,
      5.5186251401901245,
      5.5183040499687195,
      5.51801210641861,
      5.51765251159668,
      5.5168285965919495,
      5.516912877559662,
      5.51670104265213,
      5.516228675842285,
      5.516113042831421,
      5.515644192695618,
      5.515454888343811,
      5.51491904258728,
      5.514953136444092,
      5.513649821281433,
      5.5140010714530945,
      5.513436853885651,
      5.513352334499359,
      5.512747347354889,
      5.511814594268799,
      5.510951340198517,
      5.51089870929718,
      5.510154902935028,
      5.508784651756287,
      5.508493185043335,
      5.511495292186737,
      5.509227812290192,
      5.50813215970993,
      5.506764650344849,
      5.503144264221191
    ],
    "satellite_microbial": [
      5.631240546703339,
      5.426424980163574,
      5.336046040058136,
      5.143890738487244,
      4.827553153038025,
      4.431174397468567,
      4.035490483045578,
      3.62648406624794,
      3.257634937763214,
      2.903839737176895,
      2.6148755252361298,
      2.3381019234657288,
      2.0949483811855316,
      1.896730288863182,
      1.7179702520370483,
      1.563872680068016,
      1.419703185558319,
      1.301149696111679,
      1.2012504935264587,
      1.0978520661592484,
      1.0140864849090576,
      0.9297165796160698,
      0.8650753945112228,
      0.8110043182969093,
      0.755947969853878,
      0.7086899802088737,
      0.662390761077404,
      0.6172506883740425,
      0.5861430019140244,
      0.5504425540566444,
      0.5255536437034607,
      0.5039534866809845,
      0.4788273461163044,
      0.4543420486152172,
      0.44392770528793335,
      0.43203576281666756,
      0.4138152524828911,
      0.39325742796063423,
      0.3788795620203018,
      0.3667391277849674,
      0.3562130443751812,
      0.34549199417233467,
      0.3362821154296398,
      0.3233457989990711,
      0.312810979783535,
      0.3031590133905411,
      0.30042843148112297,
      0.29145437479019165,
      0.2801150865852833,
      0.274166326969862
    ],