{
  "modalities": [
    "sensor",
    "satellite",
    "microbial",
    "behavioral"
  ],
  "n_alignment_pairs": 6,
  "baseline_cka": {
    "sensor_satellite": 0.007956325076520443,
    "sensor_microbial": 0.007325627841055393,
    "sensor_behavioral": 0.0019006433431059122,
    "satellite_microbial": 0.01662151888012886,
    "satellite_behavioral": 0.05811188742518425,
    "microbial_behavioral": 0.0039064702577888966
  },
  "post_alignment_cka": {
    "sensor_satellite": 0.30967462062835693,
    "sensor_microbial": 0.2358037829399109,
    "sensor_behavioral": 0.0070139383897185326,
    "satellite_microbial": 0.6508219838142395,
    "satellite_behavioral": 0.4365602433681488,
    "microbial_behavioral": 0.3112657964229584
  },
  "improvements": {
    "satellite_behavioral": {
      "before": 0.05811188742518425,
      "after": 0.4365602433681488,
      "improvement": 0.37844835594296455,
      "relative_gain_pct": 651.2407488160152
    },
    "sensor_satellite": {
      "before": 0.007956325076520443,
      "after": 0.30967462062835693,
      "improvement": 0.3017182955518365,
      "relative_gain_pct": 3792.1768333038513
    },
    "microbial_behavioral": {
      "before": 0.0039064702577888966,
      "after": 0.3112657964229584,
      "improvement": 0.3073593261651695,
      "relative_gain_pct": 7867.934966581341
    },
    "satellite_microbial": {
      "before": 0.01662151888012886,
      "after": 0.6508219838142395,
      "improvement": 0.6342004649341106,
      "relative_gain_pct": 3815.5362813363163
    },
    "sensor_behavioral": {
      "before": 0.0019006433431059122,
      "after": 0.0070139383897185326,
      "improvement": 0.00511329504661262,
      "relative_gain_pct": 269.02828257239366
    },
    "sensor_microbial": {
      "before": 0.007325627841055393,
      "after": 0.2358037829399109,
      "improvement": 0.2284781550988555,
      "relative_gain_pct": 3118.8841170714904
    }
  },
  "training_histories": {
    "sensor_satellite": [
      5.580224633216858,
      5.5162400007247925,
      5.510502934455872,
      5.50373500585556,
      5.4938653111457825,
      5.477883458137512,
      5.446915626525879,
      5.3972596526145935,
      5.3108848333358765,
      5.222098529338837,
      5.121089935302734,
      4.933673024177551,
      4.739380121231079,
      4.5476073026657104,
      4.347370862960815,
      4.094258695840836,
      3.89349302649498,
      3.69257053732872,
      3.4844909608364105,
      3.299118310213089,
      3.117865413427353,
      2.950659066438675,
      2.7741172313690186,
      2.6416764855384827,
      2.5039819180965424,
      2.359173893928528,
      2.3006917238235474,
      2.164379507303238,
      2.053926408290863,
      1.9116674214601517,
      1.8260944783687592,
      1.7287554144859314,
      1.6498480290174484,
      1.5802981853485107,
      1.537625029683113,
      1.487856239080429,
      1.43320894241333,
      1.3739982694387436,
      1.3305828422307968,
      1.2866258174180984,
      1.2413628995418549,
      1.1905441284179688,
      1.156787522137165,
      1.1317894011735916,
      1.086570456624031,
      1.0582314133644104,
      1.0360389277338982,
      1.01298126578331,
      0.9927444458007812,
      0.9698587879538536
    ],
    "sensor_microbial": [
      5.691948294639587,
      5.5310704708099365,
      5.5177173018455505,
      5.510735869407654,
      5.507487416267395,
      5.5031052231788635,
      5.498636245727539,
      5.49234139919281,
      5.482363164424896,
      5.469691038131714,
      5.448121547698975,
      5.426277220249176,
      5.3966198563575745,
      5.354107677936554,
      5.305135011672974,
      5.268157958984375,
      5.183153867721558,
      5.126347303390503,
      5.055354952812195,
      4.9262696504592896,
      4.839452803134918,
      4.757237613201141,
      4.649868369102478,
      4.548526883125305,
      4.467442870140076,
      4.307013392448425,
      4.212012588977814,
      4.117542505264282,
      3.994345963001251,
      3.892639696598053,
      3.7235592901706696,
      3.6231779158115387,
      3.5126312971115112,
      3.4321508705615997,
      3.3333182632923126,
      3.2212114930152893,
      3.1154844164848328,
      3.030473381280899,
      2.959778070449829,
      2.875760793685913,
      2.8030158281326294,
      2.699455738067627,
      2.6128608882427216,
      2.553136497735977,
      2.5329432785511017,
      2.4886068403720856,
      2.3763380646705627,
      2.2977555692195892,
      2.24794939160347,
      2.1993962824344635
    ],
    "sensor_behavioral": [
      5.5723883509635925,
      5.521312415599823,
      5.520203590393066,
      5.519543409347534,
      5.519229352474213,
      5.5193639397621155,
      5.51927524805069,
      5.519507944583893,
      5.5192506313323975,
      5.519544064998627,
      5.5194371342659,
      5.519177794456482,
      5.5191086530685425,
      5.519104301929474,
      5.5190704464912415,
      5.5190271735191345,
      5.518985033035278,
      5.518913984298706,
      5.518836796283722,
      5.518693745136261,
      5.518451690673828,
      5.518058598041534,
      5.51769083738327,
      5.517099559307098,
      5.517138957977295,
      5.51667195558548,
      5.51674622297287,
      5.515844404697418,
      5.516367256641388,
      5.515809118747711,
      5.515746772289276,
      5.515053391456604,
      5.514838099479675,
      5.514353156089783,
      5.514191687107086,
      5.513452470302582,
      5.513113260269165,
      5.512087345123291,
      5.511767506599426,
      5.511429965496063,
      5.510396957397461,
      5.5088536739349365,
      5.512714505195618,
      5.509675443172455,
      5.507702052593231,
      5.50563246011734,
      5.506302118301392,
      5.513311684131622,
      5.509952247142792,
      5.506076097488403
    ],
    "satellite_microbial": [
      5.665964722633362,
      5.435867190361023,
      5.364732801914215,
      5.225822389125824,
      4.965015888214111,
      4.5626330971717834,
      4.157706916332245,
      3.7642104029655457,
      3.3797129690647125,
      3.0147550106048584,
      2.70780286192894,
      2.4313966631889343,
      2.1665508449077606,
      1.9408092647790909,
      1.7589456140995026,
      1.596821814775467,
      1.4592612087726593,
      1.3263563066720963,
      1.2140177339315414,
      1.0990670323371887,
      1.0253711491823196,
      0.9536712989211082,
      0.8917728736996651,
      0.8318755626678467,
      0.7749393433332443,
      0.7305148392915726,
      0.6885793060064316,
      0.6433197632431984,
      0.6110985353589058,
      0.5702249854803085,
      0.5451377891004086,
      0.5198299512267113,
      0.49612361937761307,
      0.4776555858552456,
      0.45951147377491,
      0.44546739012002945,
      0.4143155813217163,
      0.4070031978189945,
      0.39290983602404594,
      0.3780132681131363,
      0.3682139813899994,
      0.3518029972910881,
      0.34642624855041504,
      0.33545689657330513,
      0.320691242814064,
      0.3115425668656826,
      0.3030371777713299,
      0.29703154042363167,
      0.2908331826329231,
      0.28242672607302666
    ],