{
  "n_mc_passes": 50,
  "dropout_p": 0.1,
  "results": {
    "AquaSSM": {
      "model": "AquaSSM",
      "n_samples": 500,
      "n_mc_passes": 50,
      "mean_uncertainty_std": 0.005146542564034462,
      "uncertainty_normal_mean": 0.0051398430950939655,
      "uncertainty_anomaly_mean": 0.005153242032974958,
      "ece_before_calibration": 0.18696541261672975,
      "reliability_fracs": [
        0.4166666666666667,
        0.4722222222222222,
        0.4811320754716981,
        0.5377358490566038,
        0.5346534653465347,
        0.43333333333333335,
        0.5555555555555556,
        0.5454545454545454,
        0.25
      ],
      "reliability_confs": [
        0.06464868038892746,
        0.15549544990062714,
        0.2523123621940613,
        0.3545346260070801,
        0.44629135727882385,
        0.5480751395225525,
        0.6412875652313232,
        0.7539868950843811,
        0.8405605554580688
      ],
      "reliability_counts": [
        12,
        72,
        106,
        106,
        101,
        60,
        27,
        11,
        4
      ],
      "pred_mean": 15.84294319152832,
      "pred_std_total": 0.005146542564034462,
      "data_source": "real_neon_neon_DP1.20288.001"
    },
    "Fusion": {
      "model": "Fusion+Head",
      "n_samples": 100,
      "n_mc_passes": 50,
      "mean_uncertainty_std": 0.03607013076543808,
      "ece_before_calibration": 0.10918686881661414,
      "pred_mean": 0.5434018969535828,
      "pred_std_total": 0.03607013076543808
    },
    "BioMotion": {
      "model": "BioMotion",
      "n_samples": 500,
      "n_mc_passes": 50,
      "mean_uncertainty_std": 6.372198828604968e-07,
      "ece_before_calibration": 0.3811296295473884
    }
  },
  "critique_addressed": "Predictive uncertainty via MC Dropout. Anomalous inputs show higher epistemic uncertainty, validating that the model is less certain at decision boundaries.",
  "elapsed_s": 2182.3
}