{
  "mean_r2": 0.13189883123744617,
  "best_val_r2_phase1": 0.08638590574264526,
  "best_val_r2_phase2": 0.20380838892676614,
  "per_param_r2": {
    "chl_a": -0.02199375629425049,
    "turbidity": 0.020439982414245605,
    "secchi_depth": null,
    "cdom": null,
    "tss": 0.1600291132926941,
    "total_nitrogen": 0.14033371210098267,
    "total_phosphorus": 0.028359711170196533,
    "dissolved_oxygen": 0.09272533655166626,
    "ammonia": 0.07664477825164795,
    "nitrate": 0.15488725900650024,
    "ph": -0.0014367103576660156,
    "water_temp": 0.7486758232116699,
    "phycocyanin": 0.05222189426422119,
    "oil_probability": null,
    "acdom": null,
    "pollution_anomaly_index": null
  },
  "test_loss": 8.358700768061313,
  "n_train": 2941,
  "n_val": 630,
  "n_test": 631,
  "elapsed_seconds": 18870.734119176865
}