{
  "attention_summary": {
    "satellite": {
      "mean": 0.36128701802561414,
      "std": 0.1011898555483785,
      "max": 0.5728481845183794,
      "min": 1.2862131608340846e-08
    },
    "sensor": {
      "mean": 0.3777642372234655,
      "std": 0.1117759977443702,
      "max": 0.9999998222298704,
      "min": 0.17827182259779123
    },
    "microbial": {
      "mean": 1.2617897570032077e-08,
      "std": 4.702698598361153e-08,
      "max": 4.948697042089941e-07,
      "min": 3.3397995181002444e-09
    },
    "molecular": {
      "mean": 1.0567716826637014e-08,
      "std": 4.655706506116745e-09,
      "max": 4.9459329290744564e-08,
      "min": 4.3477402252640375e-09
    },
    "behavioral": {
      "mean": 0.26094872156530596,
      "std": 0.15017649884434647,
      "max": 0.6662316952977935,
      "min": 2.4380499881048097e-08
    }
  },
  "perturbation_importance": {
    "sensor": 0.05903490923345089,
    "satellite": 0.01107134684920311,
    "behavioral": 0.006681960076093674,
    "microbial": 0.0,
    "molecular": 0.0
  },
  "baseline_anomaly_prob_mean": 0.1406045190244913,
  "n_temporal_steps": 200,
  "n_perturbation_samples": 100,
  "elapsed_seconds": 1152.6
}